Linha,Sem 1,Sem 2,Sem 3,Sem 4,Sem 5,Sem 6,Sem 7,Sem 8,Sem 9,Sem 10,Sem 11,Sem 12,Sem 13
Saldo inicial de caixa,,,,,,,,,,,,,
(+) Entradas - Vendas e-commerce,,,,,,,,,,,,,
(+) Entradas - Vendas marketplace,,,,,,,,,,,,,
(+) Entradas - Vendas B2B,,,,,,,,,,,,,
(+) Entradas - Aportes/Investimento,,,,,,,,,,,,,
(=) Total de Entradas,,,,,,,,,,,,,
(-) Saídas - Fornecedores/Produção,,,,,,,,,,,,,
(-) Saídas - Folha de pagamento,,,,,,,,,,,,,
(-) Saídas - Marketing,,,,,,,,,,,,,
(-) Saídas - Plataforma/Olist/E-commerce,,,,,,,,,,,,,
(-) Saídas - Logística/Frete,,,,,,,,,,,,,
(-) Saídas - Impostos,,,,,,,,,,,,,
(-) Saídas - Contabilidade,,,,,,,,,,,,,
(-) Saídas - Outras despesas,,,,,,,,,,,,,
(=) Total de Saídas,,,,,,,,,,,,,
(=) Saldo final de caixa,,,,,,,,,,,,,
